{
    "metrics": {
        "vus": {
            "value": 1,
            "min": 1,
            "max": 10
        },
        "data_received": {
            "count": 395464,
            "rate": 12814.291725824376
        },
        "http_req_duration": {
            "avg": 170.38506214795913,
            "min": 67.219654,
            "med": 131.69339300000001,
            "max": 592.394567,
            "p(90)": 323.797303,
            "p(95)": 341.42884849999996
        },
        "http_req_duration{expected_response:true}": {
            "med": 131.69339300000001,
            "max": 592.394567,
            "p(90)": 323.797303,
            "p(95)": 341.42884849999996,
            "avg": 170.38506214795913,
            "min": 67.219654
        },
        "http_req_failed": {
            "passes": 0,
            "fails": 196,
            "value": 0
        },
        "iteration_duration": {
            "p(95)": 1478.65992425,
            "avg": 1191.9872283316327,
            "min": 1068.789883,
            "med": 1135.0485410000001,
            "max": 1955.137564,
            "p(90)": 1336.7445825
        },
        "http_req_sending": {
            "avg": 0.023145239795918364,
            "min": 0.009641,
            "med": 0.020888,
            "max": 0.064829,
            "p(90)": 0.038632,
            "p(95)": 0.045512500000000004
        },
        "vus_max": {
            "value": 10,
            "min": 10,
            "max": 10
        },
        "iterations": {
            "count": 196,
            "rate": 6.3510235527420384
        },
        "http_req_connecting": {
            "max": 511.175037,
            "p(90)": 0,
            "p(95)": 17.50575975,
            "avg": 12.137049525510204,
            "min": 0,
            "med": 0
        },
        "http_req_tls_handshaking": {
            "avg": 8.031364969387754,
            "min": 0,
            "med": 0,
            "max": 294.785952,
            "p(90)": 0,
            "p(95)": 27.56527175
        },
        "http_reqs": {
            "count": 196,
            "rate": 6.3510235527420384
        },
        "http_req_waiting": {
            "p(90)": 323.7340825,
            "p(95)": 341.35125274999996,
            "avg": 170.27407731122452,
            "min": 67.10306,
            "med": 131.604429,
            "max": 592.270568
        },
        "http_req_blocked": {
            "p(90)": 0.014565000000000002,
            "p(95)": 45.94294575000001,
            "avg": 20.880618081632687,
            "min": 0.004262,
            "med": 0.0081735,
            "max": 855.887295
        },
        "http_req_receiving": {
            "p(90)": 0.0965095,
            "p(95)": 0.108455,
            "avg": 0.08783959693877554,
            "min": 0.029061,
            "med": 0.0602175,
            "max": 4.272346
        },
        "data_sent": {
            "count": 27176,
            "rate": 880.5888574965186
        }
    },
    "root_group": {
        "checks": {},
        "name": "",
        "path": "",
        "id": "d41d8cd98f00b204e9800998ecf8427e",
        "groups": {}
    }
}